score,pos
0.6175,1
0.6011,2
0.2143,3
0.8044,4
0.4845,5
0.2413,6
0.3738,7
0.9138,8
0.7083,9
0.2522,10
0.2738,11
0.7702,12
0.2008,13
0.2249,14
0.484,15
0.8946,16
0.248,17
0.5195,18
0.6106,19
0.3253,20
0.4237,21
0.3992,22
0.2694,23
0.3983,24
0.9649,25
0.6348,26
0.5726,27
0.6572,28
0.8564,29
0.7727,30
0.7519,31
0.8116,32
0.8771,33
0.6637,34
0.7869,35
0.8519,36
0.9564,37
0.9493,38
0.8968,39
0.6375,40
0.9042,41
0.8957,42
0.9778,43
0.4122,44
0.348,45
0.9542,46
0.948,47
0.5314,48
0.7907,49
0.5234,50
0.5441,51
0.3518,52
0.226,53
0.6275,54
0.8703,55
0.2403,56
0.4346,57
0.8897,58
0.3293,59
0.4722,60
0.9081,61
0.4628,62
0.3497,63
0.9661,64
0.9883,65
0.4676,66
0.7337,67
0.931,68
0.7718,69
0.2447,70
0.7014,71
0.8313,72
0.6546,73
0.3304,74
0.847,75
0.7047,76
0.4146,77
0.419,78
0.6323,79
0.6296,80
0.3006,81
0.7681,82
0.714,83
0.1909,84
0.3558,85
0.904,86
0.359,87
0.2813,88
0.9524,89
0.9243,90
0.5684,91
0.7159,92
0.9793,93
0.9122,94
0.5853,95
0.5132,96
0.9331,97
0.7964,98
0.942,99
0.9799,100
0.9528,101
0.7168,102
0.9527,103
0.979,104
0.5966,105
0.7166,106
0.8745,107
0.9354,108
0.4866,109
0.6291,110
0.7286,111
0.6501,112
0.667,113
0.5762,114
0.6842,115
0.8065,116
0.1591,117
0.3108,118
0.4949,119
0.456,120
0.2606,121
0.3695,122
0.8758,123
0.336,124
0.5416,125
0.2441,126
0.3059,127
0.6672,128
0.3659,129
0.5693,130
0.7703,131
0.5818,132
0.9065,133
0.684,134
0.6495,135
0.3084,136
0.5234,137
0.8439,138
0.771,139
0.2277,140
0.8306,141
0.9197,142
0.7418,143
0.3837,144
0.6709,145
0.9624,146
0.7512,147
