pos,amino_acid,score
1,M,0.6175
2,V,0.6011
3,H,0.2143
4,F,0.8044
5,T,0.4845
6,A,0.2413
7,E,0.3738
8,E,0.9138
9,K,0.7083
10,A,0.2522
11,A,0.2738
12,V,0.7702
13,T,0.2008
14,S,0.2249
15,L,0.484
16,W,0.8946
17,S,0.248
18,K,0.5195
19,M,0.6106
20,N,0.3253
21,V,0.4237
22,E,0.3992
23,E,0.2694
24,A,0.3983
25,G,0.9649
26,G,0.6348
27,E,0.5726
28,A,0.6572
29,L,0.8564
30,G,0.7727
31,R,0.7519
32,L,0.8116
33,L,0.8771
34,V,0.6637
35,V,0.7869
36,Y,0.8519
37,P,0.9564
38,W,0.9493
39,T,0.8968
40,Q,0.6375
41,R,0.9042
42,F,0.8957
43,F,0.9778
44,D,0.4122
45,S,0.348
46,F,0.9542
47,G,0.948
48,N,0.5314
49,L,0.7907
50,S,0.5234
51,S,0.5441
52,P,0.3518
53,S,0.226
54,A,0.6275
55,I,0.8703
56,L,0.2403
57,G,0.4346
58,N,0.8897
59,P,0.3293
60,K,0.4722
61,V,0.9081
62,K,0.4628
63,A,0.3497
64,H,0.9661
65,G,0.9883
66,K,0.4676
67,K,0.7337
68,V,0.931
69,L,0.7718
70,T,0.2447
71,S,0.7014
72,F,0.8313
73,G,0.6546
74,D,0.3304
75,A,0.847
76,I,0.7047
77,K,0.4146
78,N,0.419
79,M,0.6323
80,D,0.6296
81,N,0.3006
82,L,0.7681
83,K,0.714
84,P,0.1909
85,A,0.3558
86,F,0.904
87,A,0.359
88,K,0.2813
89,L,0.9524
90,S,0.9243
91,E,0.5684
92,L,0.7159
93,H,0.9793
94,C,0.9122
95,D,0.5853
96,K,0.5132
97,L,0.9331
98,H,0.7964
99,V,0.942
100,D,0.9799
101,P,0.9528
102,E,0.7168
103,N,0.9527
104,F,0.979
105,K,0.5966
106,L,0.7166
107,L,0.8745
108,G,0.9354
109,N,0.4866
110,V,0.6291
111,M,0.7286
112,V,0.6501
113,I,0.667
114,I,0.5762
115,L,0.6842
116,A,0.8065
117,T,0.1591
118,H,0.3108
119,F,0.4949
120,G,0.456
121,K,0.2606
122,E,0.3695
123,F,0.8758
124,T,0.336
125,P,0.5416
126,E,0.2441
127,V,0.3059
128,Q,0.6672
129,A,0.3659
130,A,0.5693
131,W,0.7703
132,Q,0.5818
133,K,0.9065
134,L,0.684
135,V,0.6495
136,S,0.3084
137,A,0.5234
138,V,0.8439
139,A,0.771
140,I,0.2277
141,A,0.8306
142,L,0.9197
143,A,0.7418
144,H,0.3837
145,K,0.6709
146,Y,0.9624
147,H,0.7512
